x,y
0.345248811135643,0.005199499214966
0.337741070640200,-0.494669039386245
0.304007908155773,-0.993457029602960
0.244697282560644,-1.489856066586135
0.160481555592774,-1.982643634412167
0.052048515435990,-2.470676436627637
-0.079929802640029,-2.952876675570971
-0.234794194764474,-3.428222531711678
-0.411917867015487,-3.895731769180429
-0.610698822059368,-4.354452323893188
-0.830575206308594,-4.803443649008173
-1.071007760698702,-5.241771287936258
-1.331491373213332,-5.668487860306634
-1.611538936654285,-6.082627454934788
-1.910679182287132,-6.483192737360781
-2.228443664692743,-6.869148768088623
-2.564358672564528,-7.239413532796773
-2.917925667382629,-7.592858751326887
-3.288611551867876,-7.928303408506079
-3.675829275755109,-8.244517408478316
-4.078917434703127,-8.540230513360196
-4.497122660847780,-8.814142807518714
-4.929581043362924,-9.064942412631638
-5.375300816333751,-9.291330776827913
-5.833149142410687,-9.492054273917089
-6.301844630787006,-9.665942196585764
-6.779958774116952,-9.811946269121787
-7.265924662107569,-9.929189166431636
-7.758060108338533,-10.016998790508710
-8.254596873015668,-10.074954869611107
-8.753723143208568,-10.102908041321454
-9.253637160468088,-10.101331031640321
-9.752869443495600,-10.074666571643796
-10.250768583624716,-10.029287662828541
-10.747329230874737,-9.970958861562377
-11.242935876458699,-9.904963263788867
-11.738187027946465,-9.836334611713312
-12.233763698426911,-9.770113451112588
-12.730305106953432,-9.711625883532504
-13.228251179421262,-9.666800715826549
-13.727594533407874,-9.642506151262568
-14.227466752255580,-9.646895076776715
-14.725465940427545,-9.689569927279774
-15.216778374688415,-9.780958606139791
-15.695758553594953,-9.923619110809497
-16.159588222727770,-10.109893593736865
-16.608203933595700,-10.330431794721665
-17.043635384378319,-10.576064828771047
-17.469161691026166,-10.838536355763729
-17.888615516149347,-11.110634348732217
-18.305931497158969,-11.386008506785458
-18.724874456334504,-11.658895130366851
-19.148859035443881,-11.923862489266879
-19.580795978761778,-12.175628519838407
-20.022926712879116,-12.408989038403325
-20.476650178167748,-12.618871412011398
-20.942363204532263,-12.800547577260124
-21.418915280587683,-12.951555725131996
-21.902991745734688,-13.076480407783922
-22.391883320992097,-13.181081657413953
-22.883796274935246,-13.270474401068000
-23.377525717415907,-13.349270343186943
-23.872222609707954,-13.421776220952202
-24.367219237821104,-13.492217279930030
-24.861877375115405,-13.564984661130895
-25.355418086469101,-13.644939944769730
-25.846676915929244,-13.737814841311206
-26.333684192528079,-13.850756305705501
-26.812874622869494,-13.993056688156120
-27.277548244455335,-14.176989277538016
-27.715076892709043,-14.417997832800522
-28.103829539912521,-14.731129537008590
-28.423590301460841,-15.114475005932521
-28.668339334002987,-15.549764617033224
-28.842892910713907,-16.017851791218934
-28.957393230249782,-16.504278998517442
-29.022596003133810,-16.999824682261025
-29.047775990112434,-17.499065417766115
-29.040336316527217,-17.998921170164223
-29.006013563348901,-18.497675083434618
-28.949245389466547,-18.994389560235010
-28.873483492391959,-19.488573299321210
-28.781442660027739,-19.979992085793743
-28.675286232008297,-20.468560703703851
-28.556746854234913,-20.954276675157910
-28.426851520463103,-21.437080815669827
-28.286119442208488,-21.916839081047968
-28.135091663081344,-22.393457416313794
-27.974342494900156,-22.866886484167729
-27.804477085278450,-23.337122669441978
-27.626124815109787,-23.804206953865418
-27.439933353332545,-24.268223018479798
-27.246562879764191,-24.729294484511744
-27.046682558731430,-25.187582284228192
-26.840967351504471,-25.643281584311502
-26.630095060685044,-26.096618273903129
-26.414743743242372,-26.547845143785761
-26.195591716059958,-26.997238939693315
-25.973316489456288,-27.445096672586349
-25.748594592262592,-27.891732134174791
-25.522102280785038,-28.337472696501678
-25.294516398839164,-28.782656071896600
-25.066515525309295,-29.227627118578624
-24.838781310968425,-29.672734656063998
-24.611999904909947,-30.118328247226277
-24.386863555639511,-30.564754993986135
-24.164071574049277,-31.012355940885666
-23.944331501363330,-31.461462532637142
-23.728359893285539,-31.912392846818502
-23.516883334800536,-32.365447918996573
-23.310635943786423,-32.820906472643351
-23.110360073633970,-33.279021316773886
-22.916699228357214,-33.739971053982543
-22.729660586579566,-34.203647743503502
-22.549010049402078,-34.669850754457087
-22.374506694993652,-35.138389725217884
-22.205902888194178,-35.609084160266448
-22.042946638585864,-36.081763807069869
-21.885382561047514,-36.556268420197036
-21.732952553821864,-37.032447401825543
-21.585396578600278,-37.510159460653647
-21.442453333875804,-37.989272220948969
-21.303860826073794,-38.469661792648658
-21.169356843861852,-38.951212312055375
-21.038679341652227,-39.433815461327725
-20.911566738684556,-39.917369973675115
-20.787758140255040,-40.401781129955765
-20.666993732788114,-40.886960311491144
-20.549014227354213,-41.372824331105143
-20.433561296237201,-41.859295035439132
-20.320377764940005,-42.346298852164885
-20.209207281734919,-42.833766229585557
-20.099793887821061,-43.321631076316031
-19.991882585677594,-43.809830438948140
-19.885218610003552,-44.298303896498240
-19.779547324488128,-44.786993108641369
-19.674652636189194,-45.275849612309699
-19.571406171556827,-45.765056292102884
-19.471908946651830,-46.255037814537786
-19.378361388857908,-46.746187659364509
-19.293014261731479,-47.238825459267673
-19.218174418245169,-47.733164407713602
-19.156204029229979,-48.229275843221139
-19.109502644808877,-48.727050679051757
-19.080469634694648,-49.226160838357238
-19.071448181695658,-49.726025741491775
-19.084644538557910,-50.225790038449063
-19.122027335521139,-50.724321325391777
-19.185214350536633,-51.220236251852199
-19.275362876375954,-51.711960268463272
-19.392470462898324,-52.197972489949478
-19.535554764189147,-52.676982822582787
-19.704086641827651,-53.147642123956572
-19.898042871813509,-53.608402877191565
-20.117873131690811,-54.057387415136851
-20.364466818875059,-54.492235321207943
-20.639142449453100,-54.909892245079469
-20.943590962965118,-55.306338368001235
-21.279750046785207,-55.676227029411848
-21.649501130871048,-56.012455306664158
-22.054050576155717,-56.305759117295196
-22.492802231120180,-56.544679274235001
-22.961788122068061,-56.716514070888799
-23.452089942951453,-56.811778288015290
-23.951175641890423,-56.834442193581246
-24.449338401331719,-56.795058983798121
-24.940917561426396,-56.704760988236110
-25.423195257316582,-56.573343829509604
-25.895218736352792,-56.408740097078436
-26.356977050444993,-56.217154792939830
-26.808917995069788,-56.003398636765560
-27.251687630883708,-55.771216408465435
-27.685996112263286,-55.523552421571942
-28.112551100891451,-55.262750480263151
-28.532033985898874,-54.990712017972996
-28.945087319817976,-54.709001622532604
-29.352278233813568,-54.418878952663114
-29.753730808488235,-54.120866174228112
-30.149367610782296,-53.815174258332405
-30.539159100020669,-53.502062515774199
-30.923128340402862,-53.181836919384558
-31.301356600326386,-52.854849580542890
-31.673984584979557,-52.521493436729138
-32.041213501163142,-52.182197833051951
-32.403303150605133,-51.837422037799350
-32.760570286930424,-51.487650477738725
-33.113382878511175,-51.133385180634725
-33.462155235511979,-50.775140702182703
-33.807341044976241,-50.413438334063386
-34.149410923913756,-50.048787133029180
-34.488547379617714,-49.681406234019512
-34.824643340351344,-49.311241845105663
-35.157577893181617,-48.938231578098510
-35.487227712246259,-48.562315395454306
-35.813466662784734,-48.183435431667547
-36.136166599621745,-47.801536850400218
-36.455197028732279,-47.416567689190153
-36.770424054487847,-47.028478160981933
-37.081712955572797,-46.637222916363548
-37.388924959147673,-46.242758577299924
-37.691920769641030,-45.845046685337770
-37.990557423352620,-45.444051377262262
-38.284691129776704,-45.039741688372324
-38.574175971998777,-44.632090659322216
-38.858863712712875,-44.221075335885295
-39.138605697260061,-43.806678190508165
-39.413251795336755,-43.388886426222804
-39.682650901541855,-42.967692380351330
-39.946651371843501,-42.543093841753397
-40.205101374590292,-42.115094277318704
-40.457849274436896,-41.683703047473777
-40.704744048879022,-41.248935607298243
-40.945635736661409,-40.810813689671143
-41.180375916845918,-40.369365466736227
-41.408818204413706,-39.924625679634659
-41.630817506446853,-39.476635124562762
-41.846234112248702,-39.025442497485280
-42.054951004772320,-38.571111818157867
-42.257265551326661,-38.113893301738621
-42.453840372540526,-37.654176982171798
-42.645350684456126,-37.192327169689158
-42.832470114577077,-36.728680369040710
-43.015868755826219,-36.263548705319963
-43.196213336293283,-35.797223975458230
-43.374167414057602,-35.329981455160905
-43.550391969214594,-34.862083655182786
-43.725546441187696,-34.393784081956142
-43.900289857896084,-33.925330915544713
-44.075282038600349,-33.456970652259010
-44.251185030479817,-32.988951825920381
-44.428664456296602,-32.521528745221666
-44.608390750484922,-32.054965297221599
-44.791040192102358,-31.589538839022058
-44.977295819240091,-31.125544267168276
-45.167847997361847,-30.663298233916976
-45.363392958843455,-30.203142837474307
-45.564635005659575,-29.745451206853520
-45.772281021041536,-29.290630188995362
-45.987041081737061,-28.839125989728181
-46.209623412695763,-28.391427669764717
-46.440729169128261,-27.948070687862373
-46.681045734841192,-27.509639743796466
-46.931240404401542,-27.076771769685209
-47.191945758792215,-26.650153727099109
-47.463754687392488,-26.230525073217809
-47.747061917722775,-25.818573098545915
-48.041735874899217,-25.414673680252513
-48.347532529236283,-25.019128575150699
-48.664204917908933,-24.632235650964173
-48.991504928764144,-24.254290901248289
-49.329183107557398,-23.885589183891600
-49.676988072144425,-23.526424633842442
-50.034666131195479,-23.177091252712803
-50.401960790639379,-22.837883419018276
-50.778612155778646,-22.509096306368608
-51.164356237650047,-22.191026196850217
-51.558924173009530,-21.883970676692954
-51.962041450718282,-21.588228816848240
-52.373427395003660,-21.304101732604970
-52.792792516171225,-21.031889922215935
-53.219839292667970,-20.771895317907649
-53.654260545781419,-20.524419902546633
-54.095739025353588,-20.289766116330451
-54.543944723646220,-20.068232791382787
-54.998535197825873,-19.860116062745057
-55.459154709216939,-19.665708109503136
-55.925433721135342,-19.485296445222772
-56.396986679790011,-19.319158022102123
-56.873413133950486,-19.167560881918515
-57.354297056005571,-19.030760976453749
-57.839206761643979,-18.908999527281534
-58.327695169834563,-18.802500352113555
-58.819257573123565,-18.711226483054947
-59.313273607932921,-18.634314605214236
-59.809180077954949,-18.570701654941804
-60.306503264145071,-18.519303189250500
-60.804853178575428,-18.479034243352537
-61.303915297988723,-18.448817560822089
-61.803442357776035,-18.427596080987517
-62.303245528132244,-18.414337688453255
-62.803185966691778,-18.408036665529856
-63.303166971415813,-18.407717802437173
-63.803126616619693,-18.412434178070733
-64.303031128574460,-18.421265475948456
-64.802868881742938,-18.433315690241280
-65.302644956349653,-18.447710163895508
-65.802376179120131,-18.463592281258126
-66.302086585163579,-18.480119136606643
-66.801803142353577,-18.496458151485207
-67.301551681319680,-18.511783271575933
-67.801352928439030,-18.525271144601824
-68.301218538707687,-18.536097709392880
-68.801147046693160,-18.543435722449424
-69.301119708770088,-18.546451338185861
-69.801096114282586,-18.544301745045647
-70.301009592374129,-18.536135960528366
-70.800762348069028,-18.521090999990314
-71.300214599448282,-18.498179345573696
-71.799138992347125,-18.465790722732283
-72.297192194598779,-18.422043240425879
-72.793886423709793,-18.364938503530993
-73.288549110786903,-18.292350550240943
-73.780274331753972,-18.202022591812920
-74.267867508409992,-18.091584017979624
-74.749788902085413,-17.958600200479221
-75.224098512092638,-17.800642340659220
-75.688425459245565,-17.615421983384302
-76.139979702877838,-17.400969321196165
-76.575622149126289,-17.155831685398340
-76.992033372377847,-16.879306238633720
-77.385950978535078,-16.571596325591177
-77.754650654547248,-16.234075226808713
-78.097507322755021,-15.870304207071049
-78.414955725875330,-15.484141604501209
-78.707425340540397,-15.078719325792346
-78.975225318994973,-14.656586493112108
-79.218458671709129,-14.219831314020444
-79.436971273181925,-13.770195856953181
-79.630307517444336,-13.309174247076950
-79.797663638442984,-12.838101472122398
-79.937828527639297,-12.358240247408844
-80.049113521161402,-11.870879030647805
-80.129270409742134,-11.377453846774376
-80.175394215670991,-10.879710059071510
-80.183812147343730,-10.379929489155819
-80.150007179381092,-9.881258096336385
-80.068703496626142,-9.388148108408339
-79.936381062600503,-8.906235234043079
-79.753835401877780,-8.441015640454445
-79.524129990150882,-7.997163903431579
-79.251885420209035,-7.578024516643903
-78.942539447422959,-7.185430832643455
-78.601636076402741,-6.819864538538125
-78.234347039253180,-6.480780135985321
-77.845213329034820,-6.166971688737623
-77.438072752283261,-5.876877877244200
-77.016093539908439,-5.608801789037249
-76.581858845985181,-5.361048215093232
-76.137461584683422,-5.132005163448655
-75.684593124948364,-4.920189119278289
-75.224626703377325,-4.724251339279300
-74.758677630520125,-4.542989174628023
-74.287659652593291,-4.375330142248703
-73.812323030094731,-4.220330309600549
-73.333289222880552,-4.077157863113221
-72.851075283755776,-3.945086067122208
-72.366115269121750,-3.823479178587241
-71.878774787138937,-3.711789047268527
-71.389364485730596,-3.609545374909056
-70.898150278612675,-3.516349701563946
-70.405361097778453,-3.431874020929456
-69.911195828227775,-3.355858433135574
-69.415828762076316,-3.288113392839618
-68.919410903336512,-3.228554311156296
-68.422082824752110,-3.177145525147684
-67.923987837144239,-3.133790473305526
-67.425268799900351,-3.098323833165963
-66.926064318571477,-3.070506454923764
-66.426504657937542,-3.050024789124807
-65.926707936755506,-3.036493993980131
-65.426777043938714,-3.029460010157791
-64.926797234463280,-3.028406130581462
-64.426834742200214,-3.032760929748724
-63.926936434228118,-3.041906793443659
-63.427130532059081,-3.055191529490255
-62.927428284039465,-3.071939129839770
-62.427826412995650,-3.091461148458480
-61.928310130293482,-3.113068122373892
-61.428856406950317,-3.136079298576113
-60.929437346720022,-3.159832596774566
-60.430023355376747,-3.183692468586919
-59.930585981465377,-3.207056751907734
-59.431100287894317,-3.229362051838985
-58.931546688197322,-3.250087744782256
-58.431912225560630,-3.268758639360953
-57.932191324036957,-3.284946666405510
-57.432386022074972,-3.298270390736509
-56.932505868256833,-3.308395988499986
-56.432567396161659,-3.315034125824100
-55.932593350918872,-3.317910714218155
-55.432614077651451,-3.316372721833083
-54.932681069075599,-3.309462612875001
-54.432877927812584,-3.296178036355112
-53.933329893159190,-3.275441254314917
-53.434217630810792,-3.246058176809377
-52.935797020480649,-3.206677219523236
-52.438428743124966,-3.155732015869853
-51.942621393427984,-3.091381192445698
-51.449098243333538,-3.011417302388382
-50.958898043830871,-2.913165651486167
-50.473533753533026,-2.793346825967116
-49.995239694085711,-2.647925176170248
-49.527364957766579,-2.471939845661467
-49.074968403355228,-2.259432194877593
-48.645658759485862,-2.003640866680470
-48.250516796437168,-1.697906310699310
-47.904355348998514,-1.337865409170918
-47.622723846125105,-0.925466921997905
-47.410955073729539,-0.473081990463902
-47.265612805632514,0.004928334211431
-47.179778859453045,0.497219089588535
-47.145751351558140,0.995849362129507
-47.156459366719055,1.495574238921977
-47.205975123092266,1.992988833457942
-47.289548257640206,2.485849068718081
-47.403464264678568,2.972607746165743
-47.544862709717883,3.452115292705010
-47.711592898453716,3.923420517325416
-47.902076780940668,4.385640524030505
-48.115227027239207,4.837857435959717
-48.350229678746992,5.279116214548218
-48.604899876392501,5.709336934739955
-48.876089407859531,6.129352878014179
-49.160743381063803,6.540373586332298
-49.455963756982975,6.943880457432677
-49.759014954610102,7.341546153689060
-50.067303749391833,7.735169717729615
-50.378338645394408,8.126629290981324
-50.689678180432615,8.517846876196382
-50.998873801348424,8.910759258571979
-51.303411231122574,9.307289055792740
-51.600653625590787,9.709310074982275
-51.887793498778805,10.118599293343072
-52.161840937452865,10.536757489704007
-52.421023087477487,10.964289336691573
-52.665862749257222,11.400197435230584
-52.897222427441655,11.843411115154476
-53.116071766659005,12.292937263167092
-53.323459695566214,12.747867898716052
-53.520493448391541,13.207380545142401
-53.708317181629624,13.670736393128538
-53.888097374284094,14.137274054284170
-54.061011974252757,14.606401375344108
-54.228245332094296,15.077585205642468
-54.390980371670949,15.550342558012533
-54.550400726819454,16.024228716789736
-54.707688015916830,16.498827619719115
-54.864025157863864,16.973740576113467
-55.020598099908696,17.448575789625142
-55.178591879768568,17.922939815480319
-55.338750046940902,18.396577375273566
-55.501108888156196,18.869465092313167
-55.665641666142967,19.341600836603874
-55.832320339280955,19.812983298836777
-56.001116278944629,20.283611758048519
-56.172000122347548,20.753486143731234
-56.344941757354988,21.222607053227676
-56.519910350802014,21.690975752965986
-56.696874377230863,22.158594178421872
-56.875801647975429,22.625464932824844
-57.056659340521399,23.091591284626972
-57.239414136169366,23.556977121055695
-57.424032045093604,24.021627022479834
-57.610478420501991,24.485546264872195
-57.798718196650640,24.948740730017704
-57.988716100428391,25.411216819918863
-58.180435866054871,25.872981781511371
-58.373841116721088,26.334043348605181
-58.568895193012629,26.794409809277379
-58.765560646472039,27.254090221415087
-58.963800190482509,27.713094007999739
-59.163575773816738,28.171431351053954
-59.364849350299671,28.629112858143060
-59.567582515790235,29.086149715202470
-59.771736562098397,29.542553660143753
-59.977272805749237,29.998336830498914
-60.184152018530845,30.453512013535136
-60.392335298249883,30.908092246103475
-60.601783119023949,31.362091239210276
-60.812456211493767,31.815522968267178
-61.024315099729947,32.268401876373048
-61.237320168828440,32.720742835618488
-61.451432025780143,33.172560967441349
-61.666611002944023,33.623871866516424
-61.882817538660788,34.074691411188830
-62.100012186012798,34.525035747170143
-62.318155509518306,34.974921325600732
-62.537208073018625,35.424364898098233
-62.757130604745974,35.873383424857899
-62.977883943419968,36.321994088357989
-63.199429055811166,36.770214272434842
-63.421727053714186,37.218061541426501
-63.644739210341420,37.665553619418084
-63.868426976148847,38.112708369621700
-64.092751994107729,38.559543773922677
-64.317676114435969,39.006077912622224
-64.543161408803073,39.452328944403227
-64.769170230423398,39.898315063002144
-64.995665119635547,40.344054532151880
-65.222608860708092,40.789565644315800
-65.449964627550457,41.234866633674670
-65.677695705361629,41.679975805569718
-65.905765844509631,42.124911343495057
-66.134138954412180,42.569691453470874
-66.362779327907901,43.014334237250104
-66.591651583526200,43.458857710071989
-66.820719659346906,43.903280308002095
-67.049813684294946,44.347689529495234
-67.278495711049587,44.792310849632102
-67.506296922403024,45.237383999762280
-67.732747177948070,45.683145874964183
-67.957372100982781,46.129830137865923
-68.179690221386352,46.577666725899086
-68.399210174070248,47.026881221866908
-68.615427958290198,47.477694046643705
-68.827824270450179,47.930319431354015
-69.035861932221621,48.384964124805094
-69.238983045624849,48.841825966377144
-69.436606575545085,49.301091960324285
-69.628126970368967,49.762935600655226
-69.812911477346120,50.227514443392664
-69.990298570320462,50.694966836186772
-70.159597560860604,51.165407871926604
-70.320088531584759,51.638924978614888
-70.471020820527485,52.115573705928647
-70.611619141103859,52.595370867558742
-70.741082205401952,53.078290159920968
-70.858589949269984,53.564255242425325
-70.963310363292962,54.053133609411837
-71.054408348443175,54.544730788552073
-71.131055618683675,55.038785417070009
-71.192444622867001,55.534965106890049
-71.237806514993068,56.032864018743815
-71.266422462027151,56.532003628508456
-71.277649705267066,57.031835090003511
-71.270930678510950,57.531745985298542
-71.245811739212925,58.031069262792201
-71.201675591904475,58.529068966355133
-71.137474140850983,59.024877028641718
-71.051960711879033,59.517451414431434
-70.943717810978796,60.005528069177046
-70.811179728964461,60.487566117214890
-70.652672487280725,60.961688822520152
-70.466473820583090,61.425622853047706
-70.250923135357056,61.876653286959353
-70.004561024930467,62.311602070074088
-69.726326316718655,62.726865341115236
-69.415771694572086,63.118525723954967
-69.073294274237313,63.482582817383928
-68.700320015201967,63.815317308641411
-68.300488629108628,64.115288051117417
-67.878808321540973,64.383726052600878
-67.439576905097397,64.622409519232932
-66.986314259902940,64.833273031608854
-66.521858472427141,65.018216319528349
-66.048487638862014,65.179005149492653
-65.568030760920280,65.317213960327450
-65.081965996286684,65.434206344978648
-64.591501025216658,65.531131992986218
-64.097637051548602,65.608926901236799
-63.601221415938490,65.668319277895705
-63.102991016054347,65.709838766039510
-62.603607900710365,65.733811414493886
-62.103692386346246,65.740349298678566
-61.603857431407533,65.729294367592288
-61.104750672675841,65.700174182668761
-60.607079431191373,65.652456072285460
-60.111618687148578,65.585595980966701
-59.619219798106734,65.499035841663400
-59.130817372672219,65.392218990856804
-58.647438534324841,65.264591116471792
-58.170210182095246,65.115614594358362
-57.700364797796489,64.944784657468517
-57.239245247733237,64.751645576723121
-56.788305547782905,64.535813519338660
-56.349106145944177,64.297004108673903
-55.923304308374476,64.035059974270183
-55.512636863466213,63.749980910932173
-55.118889860661341,63.441959547128207
-54.743864787629477,63.111404801655461
-54.389329610010144,62.758967648532746
-54.056965613630965,62.385552426179601
-53.748309857474105,61.992315995967566
-53.464697267234470,61.580652646340191
-53.207212546230032,61.152161036404230
-52.976647529938106,60.708601668596920
-52.773483475010252,60.251838908664851
-52.597881143928703,59.783784086242846
-52.448341286227809,59.306740822394950
-52.319390997408561,58.823700772712890
-52.205245219244894,58.336934367798357
-52.100579064037923,57.848033166185843
-52.000451060646839,57.358178517429963
-51.900186023646121,56.868352001437636
-51.795246589639952,56.379509357210594
-51.681118125389467,55.892737600488033
-51.553221649233798,55.409412657381679
-51.406886733282604,54.931364307924632
-51.237391416347485,54.461052022631527
-51.040146837695573,54.001715978782578
-50.811026232453102,53.557455360509167
-50.546864106725771,53.133131919966530
-50.246393620250835,52.733711882713379
-49.912986966359099,52.361307664276012
-49.551429346629618,52.016138867476073
-49.165733205979663,51.698146736382725
-48.759207171295728,51.407238043169954
-48.334579863261276,51.143439025273032
-47.894134458154497,50.906986348408346
-47.439812518850566,50.698433177417677
-46.973337328413379,50.518706736020583
-46.496320909774212,50.369205810452584
-46.010399725285282,50.251876663059285
-45.517391706265876,50.169332162164892
-45.019516429201992,50.124966629649563
-44.519704597634266,50.123061677917072
-44.022036946283691,50.168838892734520
-43.532098058444348,50.267286585181218
-43.056096849953818,50.419421432419853
-42.600160641839473,50.623974383855845
-42.169986086536795,50.878284647134286
-41.770544192805488,51.178582838251664
-41.405944356219734,51.520359904099784
-41.079424285258590,51.898700888522050
-40.793436655905744,52.308555373368577
-40.549776905124347,52.744916294258864
-40.349696670865818,53.202910523149846
-40.193998822679092,53.677839575874458
-40.083097938561465,54.165187408486652
-40.016945226841905,54.660607007975422
-39.992729011512594,55.159875174852239
-40.004897265025200,55.659616305831669
-40.048111305951622,56.157660106446833
-40.117623781752634,56.652738000248831
-40.209331571858378,57.144202778804683
-40.319722004250075,57.631821444658890
-40.445794914376869,58.115630287548228
-40.584960657976154,58.595842429145797
-40.734954121852766,59.072787733834041
-40.893749756242926,59.546878297176640
-41.059485017149662,60.018590106902273
-41.230384267769921,60.488457469540897
-41.404681928460811,60.957076034723634
-41.580530104617111,61.425115576724529
-41.755885613523930,61.893339698742167
-41.928959123006621,62.362411617068595
-42.098873441085018,62.832636633149555
-42.264833018876743,63.304271315374322
-42.426052486231825,63.777546581858793
-42.581814677331650,64.252645188520660
-42.731531776958114,64.729682716531229
-42.874792653773866,65.208698375130723
-43.011391331709966,65.689656160358354
-43.141324349727505,66.172457509136407
-43.264769141764418,66.656958732149690
-43.382041678089109,67.142991272647137
-43.493554703215096,67.630377965949918
-43.599628813738974,68.118977196149658
-43.699583356748619,68.608863755999607
-43.792259658270517,69.100177669797148
-43.876380000649085,69.593026576417245
-43.950456771159104,70.087482004414909
-44.012691246259578,70.583563110015604
-44.060833605013876,71.081203512510086
-44.091989094738580,71.580186145989586
-44.102315919579461,72.080018424006738
-44.086565853519751,72.579682217737911
-44.037368241937315,73.077116841371847
-43.944127707951246,73.568103054889306
-43.791667846266641,74.043820289750400
-43.560028574040437,74.485933664652109
-43.233835166389476,74.863171593400253
-42.826262633908257,75.150787546749129
-42.366016424956044,75.344029603200227
-41.878589725906764,75.453020787893593
-41.380484883489402,75.492338589130895
-40.881019315799811,75.475021822671536
-40.385295994508439,75.411079270217456
-39.896209537596015,75.307818792623607
-39.415558049192612,75.170467406617632
-38.944637732262272,75.002720394483362
-38.484565875260927,74.807152912617283
-38.036485487001627,74.585476991870195
-37.601704063103917,74.338735545754375
-37.181823481767623,74.067418204571013
-36.778859616219620,73.771570060959021
-36.394751765852178,73.451621047120966
-36.030620048123197,73.109104274164991
-35.687224381205880,72.745795401636144
-35.365015269027893,72.363565036322640
-35.064176893013837,71.964290497403510
-34.784647874086446,71.549811857451857
-34.526184166598895,71.121874378360530
-34.288389075784920,70.682110678195755
-34.070772963523879,70.232015022485200
-33.872777855998820,69.772945749485643
-33.693818758242045,69.306122797480256
-33.533240677675579,68.832658480607137
-33.389877318839737,68.353695172769051
-33.262262183006172,67.870292693268141
-33.148867693685219,67.383353868680814
-33.048140861495668,66.893634107939079
-32.958529331222714,66.401755883547764
-32.878494186226973,65.908226395329507
-32.806520372681248,65.413454885392326
-32.741116490140762,64.917770434603128
-32.680814297169846,64.421438230213866
-32.624161044380457,63.924675393981111
-32.569710485631127,63.427665755263341
-32.516013046587602,62.930573999051866
-32.461602782392582,62.433559941133986
-32.404984692562238,61.936793118076345
-32.344620763524624,61.440468540160026
-32.278916469715419,60.944824156441427
-32.206209137276396,60.450160623115636
-32.124754626410137,59.956864742151119
-32.032725308843048,59.465435410637532
-31.928204316930138,58.976515008172626
-31.809200396867006,58.490922122915777
-31.673666704673490,58.009687785756924
-31.519542711941096,57.534089214312388
-31.344823221144182,57.065674246777874
-31.147643523402014,56.606272347781847
-30.926403134829080,56.157972474601735
-30.679886723655166,55.723069787544389
-30.408154005095579,55.303454549661303
-30.114292829105690,54.899008471733865
-29.801817459611570,54.508747740158306
-29.473915950835018,54.131341056542119
-29.133425573194071,53.765239768407909
-28.782848020019912,53.408776709782451
-28.424388419190514,53.060233644847884
-28.060009994869883,52.717877774590463
-27.691487946151092,52.379982623779220
-27.320464374513936,52.044834013759612
-26.948500250812497,51.710728775994134
-26.577127071378563,51.375967304014409
-26.207896679117059,51.038845722682964
-25.842432415725931,50.697648286826521
-25.482481991568140,50.350643754420844
-25.129941640314847,49.996119576037472
-24.786403438194565,49.632869751388867
-24.453209722436636,49.260113491071102
-24.131872548203308,48.877094909696972
-23.824108693252562,48.483093896416911
-23.531863905003807,48.077456311718393
-23.257321548498503,47.659643430457983
-23.002901874457901,47.229291591084809
-22.771236466863456,46.786287114633943
-22.565103884132789,46.330853209800118
-22.387332534621237,45.863631071760260
-22.240637391272688,45.385751717106579
-22.127300749153338,44.898887440297358
-22.047222464207618,44.405448956872490
-21.998392818078546,43.907932179488284
-21.978455057082009,43.408410193369157
-21.984924629345500,42.908521205148084
-22.015326246326481,42.409506010994669
-22.067285868864541,41.912264945781281
-22.138590201470723,41.417420679350208
-22.227206233527163,40.925376167033860
-22.331287748885380,40.436364840780982
-22.449171740377857,39.950492417907611
-22.579361943634815,39.467768807455442
-22.720513736965557,38.988133399116784
-22.871416540149582,38.511473943824228
-23.030976028049103,38.037640382599044
-23.198197596992205,37.566454942271001
-23.372172728125580,37.097719948565612
-23.552063408576025,36.631222294540542
-23.737089765927287,36.166736893215294
-23.926518805403244,35.704028913001785
-24.119652895489963,35.242854602116175
-24.315819082952427,34.782961419718070
-24.514358499359030,34.324087453309389
-24.714615712016819,33.865960299952292
-24.915927175078764,33.408295275032323
-25.117625843444014,32.950800708699262
-25.319272600491228,32.493283261958084
-25.520606083782294,32.035627888626138
-25.721356062214337,31.577716296474946
-25.921239324532177,31.119425764501297
-26.119960159976277,30.660630068597261
-26.317211816457714,30.201200906578169
-26.512677474692996,29.741009169135559
-26.706032231187006,29.279926679570643
-26.896944685992626,28.817827770558100
-27.085079089168033,28.354591076234556
-27.270097879623311,27.890101423887540
-27.451664197329581,27.424251613891023
-27.629444949682465,26.956944278075518
-27.803113356420827,26.488093357883496
-27.972352275262605,26.017625672992327
-28.136856871418882,25.545482005212463
-28.296338621176577,25.071618385320129
-28.450527457157641,24.596006436197595
-28.599173737564463,24.118633431494661
-28.742052399190261,23.639502772221565
-28.878962880089212,23.158632890347256
-29.009732068587979,22.676056896728113
-29.134215440274009,22.191821480328702
-29.252295942433339,21.705985136319811
-29.363885779947772,21.218617098822559
-29.468926053088236,20.729795653321570
-29.567384286293660,20.239606056861870
-29.659254798789288,19.748139170682336
-29.744506731705989,19.255481252045481
-29.822543859352766,18.761630303401859
-29.892342430886625,18.266549266768592
-29.952765851069550,17.770238667042378
-30.002535597012418,17.272749213512924
-30.040187597633661,16.774199360090311
-30.064018303834509,16.274802197989214
-30.072028147132752,15.774906651804695
-30.061846107991808,15.275058506402965
-30.030642277287015,14.776092414047934
-29.975033638548911,14.279269564677049
-29.890991849760237,13.786481668536172
-29.773808674860490,13.300540195531930
-29.618162299865784,12.825565982710145
-29.418470619112796,12.367428881500219
-29.169702286965705,11.934061009074018
-28.868772868738265,11.535235060963723
-28.518084824271835,11.179343235604051
-28.126648174184435,10.868724823565662
-27.703908670482804,10.602149496173551
-27.257969283179495,10.376398874397083
-26.795203803882497,10.187415156500487
-26.320391946744884,10.031048129847013
-25.837031552184389,9.903449660046588
-25.347658703306003,9.801232293715413
-24.854114521138047,9.721486139028427
-24.357743475946528,9.661743399763667
-23.859535415688089,9.619933159581866
-23.360228531485344,9.594312716688545
-22.860380071988946,9.583422099109994
-22.360417309818217,9.586039622468492
-21.860674042659394,9.601146312904222
-21.361412903424362,9.627823929125764
-20.862825036124608,9.665044287904657
-20.365034759727866,9.711753135611886
-19.868107278383540,9.766902214659549
-19.372055401571352,9.829449435849844
-18.876846695911389,9.898362825168780
-18.382409896373858,9.972618399137026
-17.888640956439723,10.051197151919771
-17.395408716085313,10.133080717505846
-16.902560260145069,10.217245805514692
-16.409926103917844,10.302657594073821
-15.917325335725332,10.388261937022710
-15.424570964051423,10.472976640745614
-14.931475769138572,10.555682061477848
-14.437858945025482,10.635210923081477
-13.943553847668230,10.710337056879677
-13.448417576707921,10.779765082664195
-12.952342471610285,10.842118735769255
-12.455270378760330,10.895930034917212
-11.957210482800196,10.939632880993544
-11.458260361766099,10.971554757641973
-10.958631683232165,10.989920734841252
-10.458679094098304,10.992859558709732
-9.958932044732450,10.978424207611074
-9.460126622099200,10.944629548959483
-8.963232868699368,10.889508938673290
-8.469472067410225,10.811187147220577
-7.980315039915967,10.707979772645716
-7.497453892534310,10.578502605280420
-7.022701018173374,10.421896976988595
-6.557459870011241,10.238944670574771
-6.102711038126699,10.031268304258202
-5.659260380015015,9.800439210300004
-5.227770600537494,9.547949379595329
-4.808791453780452,9.275195816681560
-4.402791757095517,8.983467706382376
-4.010179709776812,8.673953045131565
-3.631323642279265,8.347741940855116
-3.266572747393768,8.005829571210931
-2.916270186404384,7.649127003222326
-2.580767156331071,7.278469063813453
-2.260432397385698,6.894625487160582
-1.955661623155511,6.498310733249435
-1.666885580987723,6.090194205460931
-1.394579153217903,5.670909443840666
-1.139261216143046,5.241069065488506
-0.901503655158894,4.801272989147294
-0.681936390882652,4.352119982457992
-0.481244517934811,3.894223029102236
-0.300171872666209,3.428221002999722
-0.139520136553851,2.954792808042125
-0.000143843483520,2.474672798626209
0.117057017925868,1.988666233205821
0.211144803810342,1.497664155680172
0.281168528988417,1.002660040558477
0.326175684171532,0.504761070141148
